0,add,node1
0,add,node2
0,add,node3
0,add,node4
0,add,node5
0,add,node6
0,add,node7
0,add,node8
0,add,node9
0,add,node10
0,add,node11
0,add,node12
0,add,node13
0,add,node14
0,add,node15
0,add,node16
0,add,node17
0,add,node18
0,add,node19
0,add,node20
60000,add,node21
180000,add,node22
180000,add,node23
300000,add,node24
360000,add,node25
420000,add,node26
660000,add,node27
780000,add,node28
1440000,add,node29
1500000,add,node30
2040000,remove,node5
2040000,remove,node27
2040000,remove,node8
2580000,add,node31
2580000,add,node32
2580000,add,node33
3060000,remove,node2
3060000,remove,node1
3060000,remove,node11
3060000,remove,node20
3060000,remove,node23
3180000,remove,node26
3180000,remove,node15
3240000,add,node34
3240000,remove,node33
3300000,remove,node32
3420000,remove,node31
3420000,remove,node25
3540000,remove,node30
3540000,remove,node17
3660000,add,node35
3660000,add,node36
3660000,add,node37
3660000,add,node38
3900000,add,node39
4020000,add,node40
4140000,add,node41
4200000,add,node42
4200000,add,node43
4260000,add,node44
4260000,add,node45
4260000,add,node46
4620000,remove,node28
4740000,remove,node36
4740000,remove,node6
4800000,add,node47
4860000,add,node48
4980000,add,node49
5100000,remove,node41
5100000,remove,node45
5100000,remove,node46
5220000,add,node50
5220000,remove,node48
5340000,remove,node49
5340000,remove,node14
5400000,add,node51
5760000,add,node52
5820000,add,node53
5820000,add,node54
5820000,add,node55
6300000,remove,node44
6420000,remove,node51
7260000,add,node56
7320000,add,node57
8400000,remove,node12
8460000,remove,node56
8460000,remove,node34
8460000,remove,node19
8460000,remove,node10
8520000,add,node58
8520000,remove,node52
8580000,remove,node29
8580000,remove,node43
9000000,add,node59
9000000,add,node60
9000000,add,node61
9180000,add,node62
9240000,add,node63
9240000,remove,node38
9600000,add,node64
9600000,add,node65
9660000,add,node66
9840000,remove,node18
10020000,add,node67
10080000,remove,node65
10260000,add,node68
10680000,remove,node53
10680000,remove,node55
10680000,remove,node63
10680000,remove,node66
10680000,remove,node58
10920000,remove,node9
10920000,remove,node68
11400000,add,node69
11400000,add,node70
11520000,add,node71
11520000,remove,node59
11580000,add,node72
11580000,remove,node3
11940000,add,node73
11940000,add,node74
11940000,add,node75
11940000,add,node76
12060000,add,node77
13080000,remove,node74
13080000,remove,node16
13140000,add,node78
13800000,remove,node47
14040000,add,node79
14040000,add,node80
14100000,remove,node76
14100000,remove,node71
14100000,remove,node73
14160000,remove,node77
14160000,remove,node62
14220000,remove,node80
14220000,remove,node21
14460000,add,node81
14460000,add,node82
14700000,remove,node82
14700000,remove,node39
15360000,add,node83
15360000,add,node84
15660000,remove,node69
15720000,add,node85
15900000,remove,node35
16020000,remove,node83
16140000,remove,node57
16140000,remove,node78
16620000,add,node86
16620000,add,node87
16680000,add,node88
16680000,add,node89
16680000,add,node90
16680000,add,node91
16740000,add,node92
16740000,remove,node67
16800000,add,node93
16800000,add,node94
16800000,add,node95
16980000,remove,node92
16980000,remove,node54
16980000,remove,node37
16980000,remove,node75
16980000,remove,node81
17040000,add,node96
17100000,remove,node50
17640000,add,node97
17640000,add,node98
17700000,add,node99
17700000,add,node100
17760000,add,node101
17940000,remove,node96
18000000,add,node102
18300000,remove,node91
18300000,remove,node86
18540000,add,node103
18540000,add,node104
20280000,remove,node94
20280000,remove,node99
20280000,remove,node95
20400000,remove,node84
20400000,remove,node98
20520000,add,node105
20520000,remove,node85
20760000,remove,node42
20760000,remove,node60
20880000,add,node106
20880000,remove,node22
21060000,add,node107
21120000,add,node108
21240000,remove,node90
21240000,remove,node24
21240000,remove,node104
21360000,remove,node101
21420000,add,node109
21780000,add,node110
21960000,add,node111
21960000,add,node112
21960000,add,node113
21960000,add,node114
21960000,add,node115
22020000,add,node116
22020000,add,node117
22440000,remove,node110
22560000,add,node118
22920000,remove,node111
22920000,remove,node103
22920000,remove,node64
23700000,add,node119
23940000,add,node120
23940000,add,node121
24120000,remove,node93
24240000,remove,node7
24240000,remove,node106
24240000,remove,node113
24240000,remove,node88
24360000,remove,node120
24360000,remove,node118
24360000,remove,node13
24480000,remove,node108
24480000,remove,node115
24960000,add,node122
24960000,add,node123
25200000,add,node124
25440000,remove,node102
25860000,add,node125
25860000,add,node126
25860000,add,node127
25860000,add,node128
25860000,add,node129
26100000,add,node130
26100000,add,node131
26100000,add,node132
26580000,remove,node72
26940000,remove,node123
26940000,remove,node112
26940000,remove,node79
27060000,remove,node122
27300000,remove,node109
27300000,remove,node89
27780000,remove,node87
28020000,remove,node97
28140000,remove,node128
29340000,add,node133
29460000,add,node134
29520000,add,node135
29700000,add,node136
29700000,remove,node135
29760000,add,node137
30000000,remove,node126
30000000,remove,node105
30000000,remove,node61
30120000,remove,node117
30120000,remove,node125
30240000,remove,node114
30240000,remove,node70
30360000,remove,node127
30480000,remove,node121
30660000,add,node138
30720000,add,node139
30840000,remove,node133
30900000,add,node140
31140000,add,node141
31140000,remove,node107
31260000,add,node142
31260000,add,node143
31260000,add,node144
31440000,add,node145
31620000,remove,node142
31620000,remove,node129
31740000,remove,node141
32220000,add,node146
32580000,add,node147
32700000,remove,node143
32820000,remove,node119
32940000,remove,node130
33540000,add,node148
33720000,add,node149
33780000,add,node150
34020000,add,node151
34380000,remove,node134
34560000,add,node152
35100000,remove,node146
35220000,remove,node139
35460000,add,node153
35460000,remove,node145
35640000,add,node154
35640000,remove,node124
35700000,add,node155
36420000,remove,node40
36660000,remove,node144
36780000,remove,node148
39960000,add,node156
39960000,remove,node156
40800000,remove,node100
40800000,remove,node136
40920000,add,node157
40920000,remove,node131
