480000,add,node1
480000,add,node2
480000,add,node3
480000,add,node4
480000,add,node5
480000,add,node6
480000,add,node7
480000,add,node8
480000,add,node9
480000,add,node10
480000,add,node11
480000,add,node12
480000,add,node13
480000,add,node14
480000,add,node15
540000,add,node16
540000,remove,node9
600000,add,node17
600000,add,node18
600000,add,node19
600000,add,node20
600000,add,node21
600000,add,node22
600000,add,node23
600000,add,node24
600000,add,node25
600000,add,node26
600000,add,node27
600000,add,node28
600000,add,node29
720000,add,node30
900000,add,node31
1440000,remove,node1
1440000,remove,node31
1440000,remove,node14
1440000,remove,node11
1560000,remove,node22
1560000,remove,node24
1680000,remove,node13
1740000,add,node32
1800000,add,node33
2640000,remove,node12
3000000,remove,node6
3000000,remove,node10
3960000,remove,node16
4260000,remove,node27
7140000,remove,node20
7200000,remove,node23
7380000,add,node34
7380000,remove,node26
7440000,add,node35
7560000,add,node36
7620000,add,node37
7620000,remove,node17
8880000,add,node38
8880000,remove,node2
9060000,add,node39
9060000,remove,node3
9120000,add,node40
9480000,remove,node38
9840000,add,node41
9840000,remove,node7
9960000,add,node42
9960000,remove,node15
11520000,remove,node25
11640000,remove,node35
11760000,remove,node29
11760000,remove,node28
11880000,add,node43
11880000,remove,node21
12000000,remove,node33
12120000,add,node44
12360000,add,node45
12600000,add,node46
12720000,add,node47
12720000,remove,node4
12840000,add,node48
12960000,add,node49
13320000,add,node50
13320000,remove,node8
13500000,add,node51
13500000,remove,node39
13920000,remove,node37
14100000,add,node52
14100000,add,node53
14100000,add,node54
14340000,add,node55
14760000,remove,node41
15360000,add,node56
15840000,remove,node50
15840000,remove,node45
15900000,add,node57
17520000,remove,node54
18600000,remove,node44
18780000,add,node58
18780000,remove,node5
19440000,remove,node56
19560000,remove,node53
19920000,add,node59
20160000,add,node60
20220000,add,node61
20220000,add,node62
21600000,remove,node57
21720000,add,node63
21780000,add,node64
21780000,remove,node40
21840000,add,node65
21840000,remove,node46
22680000,remove,node55
22860000,add,node66
23700000,remove,node62
24000000,add,node67
24240000,add,node68
24240000,remove,node64
24360000,add,node69
24600000,add,node70
24720000,add,node71
24720000,remove,node51
24780000,add,node72
24780000,remove,node42
25260000,add,node73
25260000,remove,node18
25500000,add,node74
27600000,add,node75
27900000,remove,node70
29100000,remove,node60
29280000,add,node76
29820000,remove,node36
29940000,add,node77
30180000,remove,node30
30300000,add,node78
30300000,remove,node66
30660000,add,node79
30660000,remove,node71
31320000,add,node80
31320000,remove,node78
31560000,add,node81
32820000,remove,node79
32940000,add,node82
32940000,remove,node72
33180000,remove,node82
33420000,add,node83
33900000,remove,node81
34140000,add,node84
34260000,add,node85
34260000,remove,node73
34980000,remove,node34
35040000,add,node86
36420000,remove,node84
36600000,remove,node59
36720000,add,node87
36960000,add,node88
37260000,remove,node48
37260000,remove,node32
37560000,add,node89
37560000,remove,node68
38280000,remove,node86
38520000,remove,node80
38520000,remove,node87
38640000,remove,node89
38760000,remove,node85
